{
  "nbformat": 4,
  "nbformat_minor": 0,
  "metadata": {
    "colab": {
      "provenance": [],
      "authorship_tag": "ABX9TyMMlU9rotf1qihNMsOQJpZo",
      "include_colab_link": true
    },
    "kernelspec": {
      "name": "python3",
      "display_name": "Python 3"
    },
    "language_info": {
      "name": "python"
    }
  },
  "cells": [
    {
      "cell_type": "markdown",
      "metadata": {
        "id": "view-in-github",
        "colab_type": "text"
      },
      "source": [
        "<a href=\"https://colab.research.google.com/github/ashokreddy606/dbms/blob/main/ASSIGNMENT%20(2)%20\" target=\"_parent\"><img src=\"https://colab.research.google.com/assets/colab-badge.svg\" alt=\"Open In Colab\"/></a>"
      ]
    },
    {
      "cell_type": "code",
      "execution_count": 1,
      "metadata": {
        "colab": {
          "base_uri": "https://localhost:8080/",
          "height": 141
        },
        "id": "AYv69bqpyA-e",
        "outputId": "30c0ed69-b6cd-488a-bdcf-46b04456323a"
      },
      "outputs": [
        {
          "output_type": "error",
          "ename": "SyntaxError",
          "evalue": "invalid decimal literal (<ipython-input-1-092cbcf78a29>, line 6)",
          "traceback": [
            "\u001b[0;36m  File \u001b[0;32m\"<ipython-input-1-092cbcf78a29>\"\u001b[0;36m, line \u001b[0;32m6\u001b[0m\n\u001b[0;31m    | 345omega           |\u001b[0m\n\u001b[0m        ^\u001b[0m\n\u001b[0;31mSyntaxError\u001b[0m\u001b[0;31m:\u001b[0m invalid decimal literal\n"
          ]
        }
      ],
      "source": [
        "DBMS ASSIGNMENT 2\n",
        "show databases;\n",
        "+--------------------+\n",
        "| Database           |\n",
        "+--------------------+\n",
        "| 345omega           |\n",
        "| information_schema |\n",
        "| mysql              |\n",
        "| performance_schema |\n",
        "| student_info_db    |\n",
        "| sys                |\n",
        "+--------------------+\n",
        "6 rows in set (0.00 sec)\n",
        "\n",
        "mysql> use 345omega;\n",
        "Database changed\n",
        "mysql> show tables;\n",
        "+--------------------+\n",
        "| Tables_in_345omega |\n",
        "+--------------------+\n",
        "| student            |\n",
        "| student_details    |\n",
        "+--------------------+\n",
        "2 rows in set (0.00 sec)\n",
        "\n",
        "mysql> create table SD(\n",
        "    -> S_ID int,\n",
        "    -> Name varchar(50),\n",
        "    -> Address varchar(50)\n",
        "    -> );\n",
        "Query OK, 0 rows affected (0.02 sec)\n",
        "\n",
        "mysql> insert into SD(S_ID,Name,Address)\n",
        "    -> values(1,'Harsh','Kolkata');\n",
        "Query OK, 1 row affected (0.02 sec)\n",
        "\n",
        "mysql> insert into SD(S_ID,Name,Address)\n",
        "    -> values(2,'Ashish','Durgapur');\n",
        "Query OK, 1 row affected (0.01 sec)\n",
        "\n",
        "mysql> insert into SD(S_ID,Name,Address)\n",
        "    -> values(3,'Pratik','Delhi');\n",
        "Query OK, 1 row affected (0.00 sec)\n",
        "\n",
        "mysql> insert into SD(S_ID,Name,Address)\n",
        "    -> values(4,'Dhanraj','Bihar');\n",
        "Query OK, 1 row affected (0.01 sec)\n",
        "\n",
        "mysql> insert into SD(S_ID,Name,Address)\n",
        "    -> values(5,'Ram','Rajasthan');\n",
        "Query OK, 1 row affected (0.02 sec)\n",
        "\n",
        "mysql> select * from SD;\n",
        "+------+---------+-----------+\n",
        "| S_ID | Name    | Address   |\n",
        "+------+---------+-----------+\n",
        "|    1 | Harsh   | Kolkata   |\n",
        "|    2 | Ashish  | Durgapur  |\n",
        "|    3 | Pratik  | Delhi     |\n",
        "|    4 | Dhanraj | Bihar     |\n",
        "|    5 | Raju     | Rajasthan |\n",
        "+------+---------+-----------+\n",
        "5 rows in set (0.00 sec)\n",
        "\n",
        "mysql> create table SM(\n",
        "    -> ID int,\n",
        "    -> Name varchar(50),\n",
        "    -> Marks int,\n",
        "    -> Age int\n",
        "    -> );\n",
        "Query OK, 0 rows affected (0.05 sec)\n",
        "\n",
        "mysql> insert into SM(ID,Name,Marks,Age)\n",
        "    -> values(1,'Harsh',90,19);\n",
        "Query OK, 1 row affected (0.02 sec)\n",
        "\n",
        "mysql> insert into SM(ID,Name,Marks,Age)\n",
        "    -> values(2,'Suresh',50,20);\n",
        "Query OK, 1 row affected (0.02 sec)\n",
        "\n",
        "mysql> insert into SM(ID,Name,Marks,Age)\n",
        "    -> values(3,'Pratik',80,19);\n",
        "Query OK, 1 row affected (0.02 sec)\n",
        "\n",
        "mysql> insert into SM(ID,Name,Marks,Age)\n",
        "    -> values(4,'Dhanraj',95,21);\n",
        "Query OK, 1 row affected (0.02 sec)\n",
        "\n",
        "mysql> insert into SM(ID,Name,Marks,Age)\n",
        "    -> values(5,'Ram',85,18);\n",
        "Query OK, 1 row affected (0.02 sec)\n",
        "\n",
        "mysql> select * from SM;\n",
        "+------+---------+-------+------+\n",
        "| ID   | Name    | Marks | Age  |\n",
        "+------+---------+-------+------+\n",
        "|    1 | Harsh   |    90 |   19 |\n",
        "|    2 | Suresh  |    50 |   20 |\n",
        "|    3 | Pratik  |    80 |   19 |\n",
        "|    4 | Dhanraj |    95 |   21 |\n",
        "|    5 | Raju     |    85 |   18 |\n",
        "+------+---------+-------+------+\n",
        "5 rows in set (0.00 sec)\n",
        "\n",
        "mysql> create view Details as\n",
        "    -> select Name,Address from SD\n",
        "    -> where S_ID<5;\n",
        "Query OK, 0 rows affected (0.02 sec)\n",
        "\n",
        "mysql> select * from Details;\n",
        "+---------+----------+\n",
        "| Name    | Address  |\n",
        "+---------+----------+\n",
        "| Harsh   | Kolkata  |\n",
        "| Ashish  | Durgapur |\n",
        "| Pratik  | Delhi    |\n",
        "| Dhanraj | Bihar    |\n",
        "+---------+----------+\n",
        "4 rows in set (0.00 sec)\n",
        "\n",
        "mysql> create view Marks as\n",
        "    -> select SM.ID,SD.Name,SD.Address,SM.Marks from SD,SM\n",
        "    -> where SD.Name=SM.Name;\n",
        "Query OK, 0 rows affected (0.02 sec)\n",
        "\n",
        "mysql> select * from Marks;\n",
        "+------+---------+-----------+-------+\n",
        "| ID   | Name    | Address   | Marks |\n",
        "+------+---------+-----------+-------+\n",
        "|    1 | Harsh   | Kolkata   |    90 |\n",
        "|    3 | Pratik  | Delhi     |    80 |\n",
        "|    4 | Dhanraj | Bihar     |    95 |\n",
        "|    5 | Raju     | Rajasthan |    85 |\n",
        "+------+---------+-----------+-------+\n",
        "4 rows in set (0.00 sec)"
      ]
    }
  ]
}